"번호","페이지","기능","사진_FE_상태","현재_BE_코드","현재_FE_판정","Method","현재_주소_또는_미구현_명세","수정_후속작업"
"1","모델추론","완료된 학습 모델 목록","시작 전","기준 브랜치에 없음","예시 목록","GET","/api/v1/projects/{projectId}/jobs?status=COMPLETED&type=TRAIN","model-1/model-2 고정. BE 목록 구현 및 실제 model_id 연결 필요"
"2","모델추론","추론 시작","시작 전","BE 연결부 없음","요청 코드·예시 전환","미확정","FE: POST /api/v1/projects/{projectId}/jobs; ML: POST /api/v1/inference/run","사진 내용 없이 장수만 전송. 실패하면 모의 성공. 명세 POST /jobs/inference와도 다름"
"3","모델추론","추론 결과·코멘트 조회","시작 전","기준 브랜치에 없음","예시 결과","GET","/api/v1/projects/{projectId}/jobs/{jobId}/inference?minConfidence=0.23","현재 이 주소 호출 없음. ML predictions의 실제 값으로 화면 구성 필요"
"4","모델학습","완료된 증강 데이터 목록","시작 전","기준 브랜치에 없음","예시 목록","GET","/api/v1/projects/{projectId}/jobs?status=COMPLETED&type=AUGMENT","JOB-001/002/003 고정. 증강 결과 dataset_id 필요"
"5","모델학습","학습 시작","시작 전","BE 연결부 없음","요청 코드·예시 전환","미확정","FE: POST /api/v1/projects/{projectId}/jobs; ML: POST /api/v1/training/run","명세 POST /jobs/train와 다름. 진짜 dataset_id·이미지 전달 계약 필요"
"6","모델학습","학습 결과·코멘트 조회","시작 전","기준 브랜치에 없음","예시 결과","GET","/api/v1/projects/{projectId}/jobs/{jobId}/train","정확도 등 실제 metrics 조회 및 저장 연결 필요"
"7","모델학습","학습 모델 다운로드","시작 전","기준 브랜치에 없음","미연동","POST","/api/v1/projects/{projectId}/jobs/{jobId}/train/download","ML model_url/best.pt와 다운로드 권한·확장자 계약 확정"
"8","데이터증강","임시 이미지 업로드","시작 전","기준 브랜치에 없음","미연동","POST","/api/v1/images/temp","AI 설정은 파일 장수만 전송. 일반 파일 POST /files/temp와 구분"
"9","데이터증강","임시 이미지 삭제","시작 전","기준 브랜치에 없음","미연동","DELETE","/api/v1/images/temp/{imageId}","일반 파일 API에 동일 삭제 주소가 있다고 볼 수 없음"
"10","데이터증강","증강 결과 기본 정보·코멘트 조회","시작 전","기준 브랜치에 없음","예시 결과","GET","/api/v1/projects/{projectId}/jobs/{jobId}/augment","ML dataset_url·preview_url·실제 수량을 BE에서 보존하고 연결"
"11","데이터증강","NORMAL/ANOMALY 이미지 조회","시작 전","기준 브랜치에 없음","예시 이미지","GET","/api/v1/projects/{projectId}/jobs/{jobId}/images?type=NORMAL|ANOMALY","이미지 목록·원본/합성 구분·라벨 계약 필요"
"12","데이터증강","증강 데이터 다운로드","시작 전","기준 브랜치에 없음","미연동","POST","/api/v1/projects/{projectId}/jobs/{jobId}/download","ML support_aug.npz 실제 산출물과 연결 필요"
"13","프로젝트 설정","이메일로 유저 검색","완료","구현","미연동","GET","/api/v1/users/search?email=...","서버 검색 API를 화면에서 호출하지 않음. 현재 초대 메일 입력과 별도 기능"
"14","프로젝트 설정","프로젝트 초대 생성","완료","구현","화면·요청 연결","POST","/api/v1/projects/{projectId}/invitations","이메일 초대 요청 존재. 미가입/중복/권한 오류와 수신자 경로 실서버 확인"
"15","프로젝트 설정","프로젝트 초대 수락/거절","진행 중","구현","미연동","PATCH","/api/v1/projects/{projectId}/invitations/{invitationId}","수신자가 invitationId를 확보하는 조회/알림 경로까지 연결 필요"
"16","프로젝트 설정","프로젝트 멤버 삭제","완료","구현","화면·요청 연결","DELETE","/api/v1/projects/{projectId}/members/{userId}","명세 PUT은 오류. 실제 DELETE. 관리자·마지막 관리자 조건 확인"
"17","프로젝트 설정","프로젝트 멤버 역할 변경","완료","구현","화면·요청 연결","PUT","/api/v1/projects/{projectId}/members/{userId}","관리자 권한과 마지막 관리자 변경 제한 확인"
"18","프로젝트 상세","프로젝트 기본 정보 조회","완료","구현","화면·요청 연결","GET","/api/v1/projects/{projectId}","실서버 해당 프로젝트 권한별 확인"
"19","프로젝트 상세","프로젝트 기본 정보 수정","완료","구현","화면·요청 연결","PUT","/api/v1/projects/{projectId}","배너 파일은 별도 API. 기본 정보 수정으로 파일 업로드 완료 판정하지 않음"
"20","프로젝트 상세","임시 파일 업로드","완료","구현","화면·요청 연결","POST","/api/v1/files/temp","multipart files 실제 업로드 후 fileId 확보. AI 이미지 업로드 화면은 아직 다름"
"21","프로젝트 상세","상태별 Job 목록","시작 전","기준 브랜치에 없음","예시 목록","GET","/api/v1/projects/{projectId}/jobs?status=ALL&type=ALL&page=0&size=10","명세 BE 보류와 일치. FE 시연 목록을 저장된 기록으로 교체"
"22","프로젝트 상세","SSE Job 진행률 실시간 업데이트","시작 전","기준 브랜치에 없음","폴링 요청·예시 전환","미확정","SSE 주소 미구현; FE GET /api/v1/jobs/{jobId}","SSE 아님. 1.5초 반복 조회. GET 목록과 SSE 행의 동일 URL은 확정 규격으로 사용 불가"
"23","프로젝트 상세","팀 코멘트 작성","시작 전","구현","미연동","POST","/api/v1/projects/{projectId}/jobs/{jobId}/comments","명세 빈 URL 보완. JobController에는 댓글 API만 존재"
"24","프로젝트 상세","팀 코멘트 수정","시작 전","구현","미연동","PUT","/api/v1/projects/{projectId}/jobs/{jobId}/comments/{commentId}","실제 코멘트 ID·작성자 제한·오류 표시 필요"
"25","프로젝트 상세","팀 코멘트 삭제","시작 전","구현","미연동","DELETE","/api/v1/projects/{projectId}/jobs/{jobId}/comments/{commentId}","실제 코멘트만 대상으로 연결"
"26","알림","알림 목록·필터 조회","시작 전","구현","부분 연결","GET","/api/v1/notifications","조회 UI 있음. 10/9 BE page 항목 반영. 다음 페이지 UI·페이지 내 안읽음 집계·조회 실패 시 예시 잔존은 남음"
"27","알림","알림 전체 읽음 처리","시작 전","구현","부분 연결","PATCH","/api/v1/notifications/read-all","API 실패해도 로컬 읽음 성공 처리. 실패 표시/되돌리기 필요"
"28","알림","알림 단건 읽음 처리","시작 전","구현","부분 연결","PATCH","/api/v1/notifications/{notificationId}/read","API 실패해도 로컬 성공 처리. 새로고침 후 상태 확인"
"29","알림","알림 전체 영구 삭제","시작 전","구현","함수만 있음","DELETE","/api/v1/notifications","hardDeleteAll 함수는 화면 사용 확인되지 않음"
"30","알림","알림 단건 영구 삭제","시작 전","구현","부분 연결","DELETE","/api/v1/notifications?notificationId={notificationId}","명세 /notifications/{id}는 오류. 실제 query 사용. 실패해도 로컬 삭제 가능"
"31","커뮤니티","데이터셋 업로드","완료","구현","화면·요청 연결","POST","/api/v1/datasets","명세 /community/datasets POST 잘못됨. /files/temp → fileId로 /datasets 등록"
"32","커뮤니티","데이터셋 상세 단건 조회","시작 전","구현","부분 연결","GET","/api/v1/datasets/{datasetId}","명세 community 경로 잘못됨. 내 자산은 상세 조회, 커뮤니티는 목록 기반 초기 상세·예시 혼합"
"33","커뮤니티","데이터셋 목록 조회","완료","구현","부분 연결","GET","/api/v1/community/datasets","첫 페이지·검색 요청 존재. 서버 정렬/다음 페이지 연결과 상세 값 확인"
"34","커뮤니티","데이터셋 삭제","시작 전","구현","화면·요청 연결","DELETE","/api/v1/datasets/{datasetId}","명세 community 경로 수정. 실제 소유자 권한 확인"
"35","커뮤니티","Q&A 상세 조회","시작 전","구현","화면·요청 연결","GET","/api/v1/community/qna/{qnaId}","상세 진입 API 요청 존재"
"36","커뮤니티","Q&A 질문 등록","완료","구현","화면·요청 연결","POST","/api/v1/community/qna","저장 후 상세/목록 재조회 확인"
"37","커뮤니티","Q&A 질문 삭제","시작 전","구현","화면·요청 연결","DELETE","/api/v1/community/qna/{qnaId}","API 연결됨. 소유자 권한 확인"
"38","커뮤니티","Q&A 전문가 답변 작성","진행 중","구현","화면·요청 연결","POST","/api/v1/community/qna/{qnaId}/answers","전문가 권한·오류 표시 및 저장 후 재조회 확인"
"39","커뮤니티","Q&A 목록 조회","완료","구현","부분 연결","GET","/api/v1/community/qna","첫 페이지·검색 존재. 정렬/다음 페이지 확인"
"40","커뮤니티","팀원 모집글 등록","완료","구현","화면·요청 연결","POST","/api/v1/community/recruitments","등록 API 요청 존재"
"41","커뮤니티","팀원 모집글 삭제","시작 전","구현","화면·요청 연결","DELETE","/api/v1/community/recruitments/{recruitmentId}","삭제 API 요청 존재"
"42","커뮤니티","팀원 모집 목록 조회","진행 중","구현","부분 연결","GET","/api/v1/community/recruitments","API 목록 존재. 서버 정렬/다음 페이지 후속"
"43","커뮤니티","팀원 모집 상세 조회","진행 중","구현","화면·요청 연결","GET","/api/v1/community/recruitments/{recruitmentId}","상세 및 지원자 데이터 조회 존재"
"44","커뮤니티","팀원 지원하기","진행 중","구현","화면·요청 연결","POST","/api/v1/community/recruitments/{recruitmentId}/apply","중복 지원 409 처리 포함. 승인 후 프로젝트 가입 방식은 별도 확인"
"45","커뮤니티","팀원 승인/거절","시작 전","구현","화면·요청 연결","PATCH","/api/v1/community/recruitments/{recruitmentId}/applications/{applicationId}/status","ACCEPTED/REJECTED 요청 존재. 상태 변경과 자동 프로젝트 합류는 별도 사항"
"46","커뮤니티","레시피 상세 조회","시작 전","구현","함수만 있음","GET","/api/v1/community/recipes/{recipeId}","명세 /recipes 경로 수정. fetchRecipeDetail을 상세 화면에서 사용하지 않음"
"47","커뮤니티","레시피 Fork","시작 전","구현","함수만 있음·예시 버튼","POST","/api/v1/community/recipes/{recipeId}/fork","현재 버튼은 로컬 toggleFork만 실행. 실제 복사·중복·새로고침 지속성 연결 필요"
"48","커뮤니티","레시피 등록","시작 전","구현","화면·요청 연결","POST","/api/v1/community/recipes","명세 /recipes 경로 수정. ShowcaseCreateForm 등록 존재"
"49","커뮤니티","레시피 삭제","시작 전","구현","화면·요청 연결","DELETE","/api/v1/community/recipes/{recipeId}","화면 API 요청 존재. 소유자 권한 확인"
"50","커뮤니티","Fork 기반 새 레시피 등록","시작 전","기존 등록 API 재사용","미연동","POST","/api/v1/community/recipes","명세 PUT /recipes/{id} 미구현. forkedFromId 포함 POST로 새 글 등록. 기존 레시피 수정 API와 구분"
"51","커뮤니티","연구 쇼케이스 목록","시작 전","구현","부분 연결","GET","/api/v1/community/recipes","목록/검색 있음. MOST_FORKED 등 서버 정렬·페이지 연결, 목록의 가짜 상세값 제거"
"52","전문가","전문가 활동 실적","시작 전","구현","미연동·예시 통계","GET","/api/v1/experts/me/performance","12,500 포인트·상위 5%·만족도 4.9 등 고정. 실제 집계 연결"
"53","전문가","검수 요청 목록","시작 전","구현","부분 연결","GET","/api/v1/experts/me/tasks","명세 status=PENDING 필터 없음. PENDING/IN_PROGRESS/COMPLETED 묶음. 실제 taskId 응답 필요"
"54","전문가","검수 시작","시작 전","구현","부분 연결·번호 위험","PATCH","/api/v1/experts/me/tasks/{taskId}/start","요청 방식 맞음. reviewCode 숫자를 DB taskId로 추정하는 문제"
"55","전문가","검수 상세 조회","시작 전","구현","규격 불일치","GET","/api/v1/inspections/{inspectionId}","명세 tasks/{id} 주소 수정. expertComment/augmentationParams/requester.name 등 응답 이름 맞춰야 함"
"56","전문가","최종 코멘트 임시 저장","시작 전","구현","부분 연결","PATCH","/api/v1/inspections/{inspectionId}/draft","expertComment 요청은 맞음. 저장된 의견 복원·실제 번호·실패 표시 확인"
"57","전문가","최종 승인/거절","시작 전","구현","규격 불일치","PATCH","/api/v1/inspections/{inspectionId}/approve 또는 /reject","명세 tasks/.../complete 대신 두 API. FE POST→PATCH, finalComment/rejectionReason→expertComment"
"58","데이터관리","레시피 후기 목록","시작 전","구현","미연동·예시 후기","GET","/api/v1/community/recipes/{recipeId}/reviews?page=0&size=10","명세 community 앞부분 누락. 후기 2개 고정. 실제 목록부터 연결"
"59","데이터관리","레시피 후기/답글 작성","시작 전","구현","미연동","POST","/api/v1/community/recipes/{recipeId}/reviews","후기는 rating 1~5 필수, 답글은 parentReviewId 및 별점 금지 조건 확인"
"60","데이터관리","레시피 후기/답글 삭제","시작 전","구현","부분 연결·예시 ID 위험","DELETE","/api/v1/community/recipes/{recipeId}/reviews/{reviewId}","삭제만 호출 존재. 예시 reviewId나 기본값 1을 실제 삭제에 보내지 않아야 함"
"61","데이터관리","레시피 후기/답글 수정","시작 전","구현","미연동","PUT","/api/v1/community/recipes/{recipeId}/reviews/{reviewId}","실제 후기 번호와 소유자 검증 필요"
"62","데이터관리","데이터셋 파일 다운로드","시작 전","구현","화면·요청 연결","POST","/api/v1/files/{fileId}/download","명세 /datasets/{id}/download 미구현. datasetId가 아닌 실제 fileId. 응답 presignedUrl 사용"
"63","데이터관리","업로드 데이터셋 수정","시작 전","구현","화면·요청 연결","PUT","/api/v1/datasets/{datasetId}/upload","명세 /datasets/{id} 수정. 기존 fileId 생략 가능, title/description 필수"
"64","데이터관리","전문가 검수 신청","시작 전","증강 데이터만 구현","규격 불일치","POST","/api/v1/inspections","FE RECIPE/DATASET·reward는 미지원. AUGMENTED_DATA·실제 증강 설정 ID·rewardPoints 필요"
"65","데이터관리","내 업로드 데이터셋 목록","시작 전","구현","부분 연결","GET","/api/v1/assets/datasets?type=UPLOADED&page=0&size=10","명세 /datasets?type=uploaded 수정. 실제 목록 호출, 후속 페이지 확인"
"66","데이터관리","내 증강 데이터셋 목록","시작 전","구현","부분 연결","GET","/api/v1/assets/datasets?type=AUGMENTED&page=0&size=10","명세 /datasets?type=augmented 수정. 실데이터 생성은 AI 연결에 의존"
"67","데이터관리","내 Fork 레시피 목록","시작 전","구현","부분 연결","GET","/api/v1/assets/recipes?type=FORKED&page=0&size=10","명세 /recipes?type=forked 수정. 목록 API 존재, Fork 버튼 실제 등록과 별도"
"68","데이터관리","내 레시피 목록","시작 전","구현","부분 연결","GET","/api/v1/assets/recipes?type=MINE&page=0&size=10","명세 /recipes?type=uploaded 수정. MINE 사용"
"69","내 프로젝트","프로젝트 배너 파일 교체/삭제","시작 전","구현","미연동","PATCH","/api/v1/projects/{projectId}/banner","배너 파일 API 호출 없음. 일반 URL 입력과 별개"
"70","내 프로젝트","관리/참여 프로젝트 목록","완료","구현","화면·요청 연결","GET","/api/v1/projects","실제 프로젝트 목록 호출. 대시보드 예시 프로젝트 목록은 별도 교체 필요"
"71","내 프로젝트","프로젝트 생성","진행 중","구현","화면·요청 연결","POST","/api/v1/projects","생성 폼과 서버 요청 존재. 초대·권한 포함 끝까지 확인"
"72","마이페이지","다른 사용자 공개 프로필","시작 전","기본 구현·확장 별도 브랜치","부분 연결","GET","/api/v1/users/{userId}","명세 BE 진행 중은 기본/확장 분리. #195 publicActivities 확장은 기본 브랜치 미병합"
"73","마이페이지","닉네임 수정","완료","구현","화면·요청 연결","PUT","/api/v1/profile/nickname","nickname 요청·재조회 확인"
"74","마이페이지","소개글 수정","완료","구현","화면·요청 연결","PUT","/api/v1/profile/introduction","body의 항목 이름 bio"
"75","마이페이지","위치 수정","완료","구현","화면·요청 연결","PUT","/api/v1/profile/location","스크린샷 하단 일부만 보이는 행. 위치=location"
"76","마이페이지","프로젝트 프로필 노출 설정","완료","구현","화면·요청 연결","PUT","/api/v1/users/me/projects/visibility","프로젝트 자체 비공개와 프로필 노출 공개를 구분"
"77","마이페이지","내 활동 목록","시작 전","본인 목록 구현","부분 연결","GET","/api/v1/mypage/activities?size=20&cursor=...","명세 /users/{id}/activities 없음. items/hasNext/nextCursor. 10/9 빈 응답 반영·안내 추가. 첫 20건·다음 cursor 미사용·조회 오류 시 예시는 남음"
"78","마이페이지","활동 프로필 노출 설정","시작 전","구현·응답 불일치","부분 연결","PATCH","/api/v1/users/me/activities/visibility","서버 isMyPageVisible 변경, 목록 isPublic 반환. FE type+id 아닌 id만 사용해 항목 충돌 가능"
"79","로그인","로그아웃","완료","구현","화면·요청 연결","POST","/auth/logout","쿠키 인증 요청 존재. 기능별 저장·만료·재조회 실서버 확인은 별도"
"80","로그인","토큰 재발급","완료","구현","화면·요청 연결","POST","/auth/refresh","쿠키 인증 요청 존재. 기능별 저장·만료·재조회 실서버 확인은 별도"
"81","로그인","구글 로그인","완료","구현","화면·요청 연결","GET","/oauth2/authorization/google","쿠키 인증 요청 존재. 기능별 저장·만료·재조회 실서버 확인은 별도"
"82","로그인","내 정보 조회","완료","구현","화면·요청 연결","GET","/api/v1/users/me","쿠키 인증 요청 존재. 기능별 저장·만료·재조회 실서버 확인은 별도"
"83","로그인","최초 회원 정보 입력","완료","구현","화면·요청 연결","POST","/api/v1/onboarding","쿠키 인증 요청 존재. 기능별 저장·만료·재조회 실서버 확인은 별도"
"84","로그인","계정 탈퇴","완료","구현","화면·요청 연결","DELETE","/api/v1/users/me","쿠키 인증 요청 존재. 기능별 저장·만료·재조회 실서버 확인은 별도"
